Title Barang,Harga Barang,Gambar Barang,Page
PANFILA UPRIGHT REF PRFU4150VB,9877055,https://loginmegastore.com/uploads/product/0134-0510-0165_thumb.png?w=400&h=400&fit=contain,1
AQUA 4D REF AQRCTD506RGG(BK),8187005,https://loginmegastore.com/uploads/product/0317-0177-0303_thumb.png?w=400&h=400&fit=contain,1
AQUA 2D REF AQR415IMBK,5442075,https://loginmegastore.com/uploads/product/0317-0175-0279_thumb.jpg?w=400&h=400&fit=contain,1
SHARP 2D REF SJ236MNHS,2897025,https://loginmegastore.com/uploads/product/0153-0175-1121_thumb.jpeg?w=400&h=400&fit=contain,1
SHARP 1D REF SJN162NHS,1777070,https://loginmegastore.com/uploads/product/AA004225_thumb.jpeg?w=400&h=400&fit=contain,1
SAMSUNG 2D REF RT19M300BGS,3727040,https://loginmegastore.com/uploads/product/AA002214_thumb1.jpg?w=400&h=400&fit=contain,1
SHARP 2D REF SJ316MNHS,3397010,https://loginmegastore.com/uploads/product/0153-0175-1122_thumb.png?w=400&h=400&fit=contain,1
HISENSE 1D REF RR198D4IBN,1746005,https://loginmegastore.com/uploads/product/0535-0174-0080_thumb.png?w=400&h=400&fit=contain,1
TCL 4D REF P500CD,7647025,https://loginmegastore.com/uploads/product/0162-0180-0241_thumb.png?w=400&h=400&fit=contain,1
SAMSUNG 2D REF RT25FARBDSA,5599015,https://loginmegastore.com/uploads/product/AA002220_thumb1.jpg?w=400&h=400&fit=contain,1
SHARP 1D REF SJX197WDW,2197065,https://loginmegastore.com/uploads/product/0153-0174-1120_thumb.jpeg?w=400&h=400&fit=contain,1
AQUA 1D REF AQRD185MDS,1777070,https://loginmegastore.com/uploads/product/0317-0174-0253_thumb.png?w=400&h=400&fit=contain,1
AQUA 1D REF AQRD225MDS,2037085,https://loginmegastore.com/uploads/product/0317-0174-0255_thumb.png?w=400&h=400&fit=contain,1
SHARP 2D REF SJ246XGMR,3237030,https://loginmegastore.com/uploads/product/AA002854_thumb1.jpg?w=400&h=400&fit=contain,1
SAMSUNG 2D REF RT22FARBDSA,4837020,https://loginmegastore.com/uploads/product/AA002218_thumb.png?w=400&h=400&fit=contain,1
TOSHIBA 2D REF GRB25ISP,3127020,https://loginmegastore.com/uploads/product/0172-0175-0417_thumb.png?w=400&h=400&fit=contain,1
SAMSUNG 2D REF RT38CG6420B1SE,7799025,https://loginmegastore.com/uploads/product/0144-0175-1981_thumb.png?w=400&h=400&fit=contain,2
HITACHI 2D REF RWB640PGD1GCK,17577090,https://loginmegastore.com/uploads/product/AA004106_thumb.jpg?w=400&h=400&fit=contain,2
PANFILA 4D REF PRFM5511GB,12377075,https://loginmegastore.com/uploads/product/0134-0177-0163_thumb.png?w=400&h=400&fit=contain,2
MODENA 2D REF RF2650TGDS,4197005,https://loginmegastore.com/uploads/product/0121-0175-0489_thumb.png?w=400&h=400&fit=contain,2
HISENSE 2D REF RT469N4IWPBU,4977050,https://loginmegastore.com/uploads/product/0535-0175-0078_thumb.png?w=400&h=400&fit=contain,2
AQUA 4D REF AQRTTD546RBG(WT),9487080,https://loginmegastore.com/uploads/product/0317-0177-0341_thumb.png?w=400&h=400&fit=contain,2
SHARP 4D REF SJIF51PGCG,9699000,https://loginmegastore.com/uploads/product/AA003913_thumb.png?w=400&h=400&fit=contain,2
AQUA 4D REF AQRCTD746RAG(BK)U1,16252030,https://loginmegastore.com/uploads/product/0317-0177-0300_thumb.png?w=400&h=400&fit=contain,2
SHARP 1D REF SJX197MGDP,2137025,https://loginmegastore.com/uploads/product/AA003801_thumb1.jpg?w=400&h=400&fit=contain,2
PANFILA 4D REF PRFM4311GB,10577015,https://loginmegastore.com/uploads/product/0134-0177-0162_thumb.png?w=400&h=400&fit=contain,2
SAMSUNG 2D REF RT22FARBDB1/SE,4937055,https://loginmegastore.com/uploads/product/AA004108_thumb.png?w=400&h=400&fit=contain,2
LG 2D REF GNB332PGFB,7337040,https://loginmegastore.com/uploads/product/0103-0175-1445_thumb.png?w=400&h=400&fit=contain,2
SHARP 1D REF SJX197MGDB,2137025,https://loginmegastore.com/uploads/product/AA003800_thumb1.jpg?w=400&h=400&fit=contain,2
HITACHI 4D REF RWB64VGD0XMIR,26527040,https://loginmegastore.com/uploads/product/AA003959_thumb.png?w=400&h=400&fit=contain,2
AQUA 2D REF AQRDTM285RAV(MX),3727040,https://loginmegastore.com/uploads/product/0317-0175-0319_thumb.png?w=400&h=400&fit=contain,2
LG SIDE BY SIDE 2D GCFB507PQAM,9622265,https://loginmegastore.com/uploads/product/AA004294_thumb.jpeg?w=400&h=400&fit=contain,2
HITACHI 2D REF RB33PGD8BSL,7427005,https://loginmegastore.com/uploads/product/AA000769_thumb.jpeg?w=400&h=400&fit=contain,3
SHARP 2D REF SJ317MGDB,3497045,https://loginmegastore.com/uploads/product/AA003795_thumb.jpg?w=400&h=400&fit=contain,3
SHARP 2D REF SJ237MGDB,3077050,https://loginmegastore.com/uploads/product/AA003792_thumb.jpg?w=400&h=400&fit=contain,3
LG SIDE BY SIDE 2D GCB257SQYL,13377045,https://loginmegastore.com/uploads/product/0103-0178-1382_thumb.png?w=400&h=400&fit=contain,3
SAMSUNG 2D REF RT42CG6420B1SE,8099035,https://loginmegastore.com/uploads/product/0144-0175-1978_thumb.png?w=400&h=400&fit=contain,3
SHARP 2D REF SJ237MGDP,3077050,https://loginmegastore.com/uploads/product/AA003793_thumb.jpg?w=400&h=400&fit=contain,3
SAMSUNG 2D REF RT25FARBDB1/SE,5777045,https://loginmegastore.com/uploads/product/AA004109_thumb.png?w=400&h=400&fit=contain,3
AQUA 2D REF AQRDTM265CBP(ME),3027080,https://loginmegastore.com/uploads/product/0317-0175-0345_thumb.png?w=400&h=400&fit=contain,3
AQUA 2D REF AQRDTM305RAV(MX),4227025,https://loginmegastore.com/uploads/product/0317-0175-0320_thumb.png?w=400&h=400&fit=contain,3
SHARP 2D REF SJ326XGCP,4177055,https://loginmegastore.com/uploads/product/0153-0175-1155_thumb.jpg?w=400&h=400&fit=contain,3
HITACHI 2D REF RBG41PGD6XXGR,9397020,https://loginmegastore.com/uploads/product/AA000771_thumb.jpeg?w=400&h=400&fit=contain,3
SHARP 2D REF SJ317MGDP,3497045,https://loginmegastore.com/uploads/product/AA003794_thumb.jpg?w=400&h=400&fit=contain,3
HITACHI 2D REF HRTN5230MXID,5127055,https://loginmegastore.com/uploads/product/0081-0175-0395_thumb.png?w=400&h=400&fit=contain,3
SHARP 2D REF SJ326SIGK,3937085,https://loginmegastore.com/uploads/product/0153-0175-1172_thumb.png?w=400&h=400&fit=contain,3
HISENSE 2D REF RT469N4IWU,4827045,https://loginmegastore.com/uploads/product/0535-0175-0095_thumb.png?w=400&h=400&fit=contain,3
MODENA 4D REF RF4310MABK,9177000,https://loginmegastore.com/uploads/product/0121-0180-0485_thumb.png?w=400&h=400&fit=contain,3
BORISH BEINZ EGG BOX ACC BBKW LT01 WH,93575,https://loginmegastore.com/uploads/product/0033-0751-0399_thumb.jpg?w=400&h=400&fit=contain,4
BERVIN MULTIFUNCTION STAND BOS 100 GREY,437000,https://loginmegastore.com/uploads/product/0030-0029-0108_thumb.png?w=400&h=400&fit=contain,4
BERVIN MSTNACCREF BOS 200 DARKGREY,577030,https://loginmegastore.com/uploads/product/0030-0029-0121_thumb.png?w=400&h=400&fit=contain,4
BERVIN MULTIFUNCTION STAND BOS 50 GREY,347035,https://loginmegastore.com/uploads/product/0030-0029-0124_thumb.png?w=400&h=400&fit=contain,4
BERVIN MULTIFUNCTION STAND WM BFSA151MS,607050,https://loginmegastore.com/uploads/product/0030-0752-0295_thumb.png?w=400&h=400&fit=contain,4
BERVIN MULTIFUNCTION STAND WM BWSA121MG,477090,https://loginmegastore.com/uploads/product/0030-0752-0293_thumb.png?w=400&h=400&fit=contain,4
BERVIN MULTIFUNCTION STAND WM BFSA151MG,607050,https://loginmegastore.com/uploads/product/0030-0752-0296_thumb.png?w=400&h=400&fit=contain,4
LUNA MULTIFUNCTION STAND WM LWSA120 GREY,427025,https://loginmegastore.com/uploads/product/BC000155_thumb.jpg?w=400&h=400&fit=contain,4
LUNA MULTIFUNCTION STAND LRSA70 GREY,347035,https://loginmegastore.com/uploads/product/BC000171_thumb.jpg?w=400&h=400&fit=contain,4
BERVIN MULTIFUNCTION STAND WM BFSA151DB,607050,https://loginmegastore.com/uploads/product/0030-0752-0294_thumb.png?w=400&h=400&fit=contain,4
LUNA MULTIFUNCTION STAND LRSF10 GREY,237025,https://loginmegastore.com/uploads/product/BC001369_thumb.jpg?w=400&h=400&fit=contain,4
PANFILA SIDE BY SIDE 2D PRFB5611GB,9877055,https://loginmegastore.com/uploads/product/0134-0178-0160_thumb.png?w=400&h=400&fit=contain,4
PANFILA SIDE BY SIDE 2D PRFB6411GB,11677020,https://loginmegastore.com/uploads/product/0134-0178-0161_thumb.png?w=400&h=400&fit=contain,4
PANFILA 4D REF PRFM4310,9977090,https://loginmegastore.com/uploads/product/0134-0180-0141_thumb.jpeg?w=400&h=400&fit=contain,4
SHARP 4D REF SJIF51PGBK,9877055,https://loginmegastore.com/uploads/product/AA003914_thumb.jpg?w=400&h=400&fit=contain,4
BEKO SIDE BY SIDE 3D GNO610E00GUID,11177035,https://loginmegastore.com/uploads/product/0477-0179-0038_thumb.png?w=400&h=400&fit=contain,4
LG SIDE BY SIDE 4D GCV22FFQMB,22427030,https://loginmegastore.com/uploads/product/0103-0180-1454_thumb.png?w=400&h=400&fit=contain,5
PANFILA SIDE BY SIDE 2D PRFB5610,8977025,https://loginmegastore.com/uploads/product/0134-0178-0140_thumb.jpeg?w=400&h=400&fit=contain,5
HITACHI SIDE BY SIDE 2D HRSN9552DDXID,10777085,https://loginmegastore.com/uploads/product/0081-0178-0375_thumb.png?w=400&h=400&fit=contain,5
SAMSUNG SIDE BY SIDE 2D RS70F65QNTSE,14399055,https://loginmegastore.com/uploads/product/0144-0178-2088_thumb.png?w=400&h=400&fit=contain,5
SAMSUNG SIDE BY SIDE 2D RS57DG4000M9,9499050,https://loginmegastore.com/uploads/product/0144-0178-2087_thumb.png?w=400&h=400&fit=contain,5
SAMSUNG SIDE BY SIDE 2D RS70F65QNFSE,14999075,https://loginmegastore.com/uploads/product/0144-0178-2089_thumb.png?w=400&h=400&fit=contain,5
HISENSE SIDE BY SIDE 2D RS808N4IBU,10177065,https://loginmegastore.com/uploads/product/0535-0178-0077_thumb.png?w=400&h=400&fit=contain,5
MODENA SIDE BY SIDE 2D RF4670SABK,7737085,https://loginmegastore.com/uploads/product/0121-0178-0487_thumb.png?w=400&h=400&fit=contain,5
PANASONIC SIDE BY SIDE 2D NRSC631BGHD,12627020,https://loginmegastore.com/uploads/product/0133-0178-0785_thumb.png?w=400&h=400&fit=contain,5
SHARP 2D REF SJ426GIGW,4920000,https://loginmegastore.com/uploads/product/202603/product-v3suzpx85ngjaej2qhav1v5i.png?w=400&h=400&fit=contain,5
PB CONTAINER BOX JP004 KOTAK CONTAINER MAKANAN KULKAS LARGE,96425,https://loginmegastore.com/uploads/product/0707-0412-0043_thumb.png?w=400&h=400&fit=contain,5
PB CONTAINER BOX JP001 KOTAK CONTAINER MAKANAN KULKAS SMALL,95000,https://loginmegastore.com/uploads/product/0707-0412-0041_thumb.png?w=400&h=400&fit=contain,5
PB CONTAINER BOX JP002 KOTAK CONTAINER MAKANAN KULKAS MEDIUM,84550,https://loginmegastore.com/uploads/product/0707-0412-0042_thumb.png?w=400&h=400&fit=contain,5
PB CONTAINER BOX JP101 KOTAK CONTAINER MAKANAN KULKAS KALENG,31825,https://loginmegastore.com/uploads/product/0707-0412-0044_thumb.png?w=400&h=400&fit=contain,5
PB FOOD CONTAINER HMC118SB KOTAK PENYIMPANAN MAKANAN KULKAS SMALL BIRU,30400,https://loginmegastore.com/uploads/product/0707-0357-0023_thumb.png?w=400&h=400&fit=contain,5
PB FOOD CONTAINER HMC118LW KOTAK PENYIMPANAN MAKANAN KULKAS LARGE PUTIH,47025,https://loginmegastore.com/uploads/product/0707-0357-0022_thumb.png?w=400&h=400&fit=contain,5
